id,name,model_id:id,group_id:id,perm_read,perm_write,perm_create,perm_unlink
access_training_mode_database,training.mode.database,model_training_mode_database,base.group_user,1,1,1,1
access_training_mode_domaine,training.mode.domaine,model_training_mode_domaine,base.group_user,1,1,1,1
access_training_mode_year,training.mode.year,model_training_mode_year,base.group_user,1,1,1,1
access_training_mode_ue,training.mode.ue,model_training_mode_ue,base.group_user,1,1,1,1
access_training_mode_entities,training.mode.entities,model_training_mode_entities,base.group_user,1,1,1,1
access_survey_question,survey.question,model_survey_question,base.group_user,1,1,1,1
access_training_subject,training.subject,model_training_subject,base.group_user,1,1,1,1
access_training_area,training.area,model_training_area,base.group_user,1,1,1,1
access_training_item,training.item,model_training_item,base.group_user,1,1,1,1
access_training_question_group,training.question.group,model_training_question_group,base.group_user,1,1,1,1

